{
  "roc_auc": 0.7776657593171354,
  "pr_auc": 0.9024130488643483,
  "n_training_rows": 382
}