{
  "aic": 4051.4428983054327,
  "bic": 4253.521412932385,
  "log_likelihood": -1982.7214491527163,
  "n_posts": 812
}