{
  "pseudo_r2_mcfadden": 0.9999929732268384,
  "n_observations": 60,
  "aic": 64.00052644413628,
  "bic": 131.0195524352435
}